{
  "ER": {
    "precision": 0.9126637554585153,
    "recall": 0.9047619047619048,
    "f1": 0.9086956521739129,
    "number": 1617.0
  },
  "ISC": {
    "precision": 0.7702503681885126,
    "recall": 0.7546897546897547,
    "f1": 0.762390670553936,
    "number": 693.0
  },
  "OC": {
    "precision": 0.865681233933162,
    "recall": 0.8104693140794224,
    "f1": 0.8371659415786201,
    "number": 1662.0
  },
  "overall_precision": 0.868421052631579,
  "overall_recall": 0.8391238670694864,
  "overall_f1": 0.8535211267605634,
  "overall_accuracy": 0.9658231937116399
}