{
  "ER": {
    "precision": 0.9509360877985797,
    "recall": 0.9109461966604824,
    "f1": 0.930511686670878,
    "number": 1617.0
  },
  "ISC": {
    "precision": 0.8191027496382055,
    "recall": 0.8167388167388168,
    "f1": 0.8179190751445087,
    "number": 693.0
  },
  "OC": {
    "precision": 0.9049881235154394,
    "recall": 0.9169675090252708,
    "f1": 0.9109384339509863,
    "number": 1662.0
  },
  "overall_precision": 0.9080020387359837,
  "overall_recall": 0.8970292044310171,
  "overall_f1": 0.902482269503546,
  "overall_accuracy": 0.9758587272531496
}