{
  "LOC": {
    "precision": 0.5689479060265578,
    "recall": 0.6678657074340527,
    "f1": 0.6144511858797572,
    "number": 1668.0
  },
  "MISC": {
    "precision": 0.49770114942528737,
    "recall": 0.6168091168091168,
    "f1": 0.5508905852417302,
    "number": 702.0
  },
  "ORG": {
    "precision": 0.3468812877263581,
    "recall": 0.5189644792293799,
    "f1": 0.41582247949831164,
    "number": 1661.0
  },
  "PER": {
    "precision": 0.15100401606425704,
    "recall": 0.23252937538651824,
    "f1": 0.1831020209398588,
    "number": 1617.0
  },
  "overall_precision": 0.3569140074330386,
  "overall_recall": 0.49309490084985835,
  "overall_f1": 0.4140956062746264,
  "overall_accuracy": 0.9066867664477226
}